{
  "guncelleme": "2026-04-11T15:07:22.477902",
  "portfoyler": {
    "growth": {
      "pozisyon_sayisi": 6,
      "nakit": 159646.66,
      "toplam": 368389.66000000003
    },
    "income": {
      "pozisyon_sayisi": 7,
      "nakit": 88924.98,
      "toplam": 170366.925
    },
    "balanced": {
      "pozisyon_sayisi": 4,
      "nakit": 60794.8,
      "toplam": 112297.13
    },
    "dividend": {
      "pozisyon_sayisi": 5,
      "nakit": 88924.98,
      "toplam": 143093.805
    }
  },
  "toplam_varlik": 794147.52
}