{
  "son_guncelleme": "2026-04-01T13:52:30.935654",
  "toplam_portfoy_degeri": 615260.96,
  "baslangic_sermaye": 600000,
  "toplam_getiri_yuzde": 2.54,
  "portfoyler": {
    "dengeli": {
      "deger": 112285.94,
      "getiri_yuzde": 12.29,
      "nakit": 68754.56999999999,
      "pozisyon_sayisi": 4
    },
    "temettu": {
      "deger": 145151.86,
      "getiri_yuzde": 45.15,
      "nakit": 36535.695000000014,
      "pozisyon_sayisi": 6
    },
    "agresif": {
      "deger": 357823.16,
      "getiri_yuzde": -10.54,
      "nakit": 357823.16,
      "pozisyon_sayisi": 0
    }
  }
}